14DTV0001Y,MIGUEL HIDALGO Y COSTILLA,Matuti,Tototlan                                ,Nuevo Refugio de Afuera (Nuevo Refu,16
14DTV0002X,FRANCISCO JAVIER MINA,TC 8hr,Lagos de Moreno                         ,Dieciocho de Marzo,44
14DTV0003W,MARIANO MATAMOROS,TC 8hr,Lagos de Moreno                         ,Comanja de Corona,11
14DTV0004V,VICENTE GUERRERO,Matuti,Tala                                    ,Las Navajas,3
14DTV0005U,ANDRES QUINTANA ROO,Matuti,Zapotlanejo                             ,San Jos‚ de las Flores (Gallinas de,20
14DTV0006T,ADOLFO LOPEZ MATEOS,Matuti,Tizapan el alto                         ,Mismaloya,40
14DTV0007S,GORDIANO GUZMAN,Matuti,Zapotlan del rey                        ,El Platanar,15
14DTV0008R,NICOLAS BRAVO,Matuti,Sta Maria de los Angeles              ,Huacasco (San Jos‚ de Huascasco),30
14DTV0009Q,JOSE ANTONIO TORRES,Matuti,Zapotlanejo                             ,Colimilla,54
14DTV0010F,IGNACIO MANUEL ALTAMIRANO,Matuti,Ameca                                   ,Altavista de Ramos,1
14DTV0012D,JOSE MARIA MORELOS Y PAVON,TC 8hr,Zapotlanejo                             ,La Pur¡sima,20
14DTV0013C,AMADO NERVO,Matuti,Ameca                                   ,Santa Mar¡a de la Huerta,1
14DTV0014B,FRANCISCO ZARCO,Matuti,Etzatlan                                ,Oconahua,3
14DTV0015A,FRAY BARTOLOME DE LAS CASAS,TC 8hr,Zapotlanejo                             ,Santa Fe,20
14DTV0016Z,JAIME TORRES BODET,Matuti,La barca                                ,San Ram¢n,51
14DTV0017Z,LAZARO CARDENAS DEL RIO,Matuti,Tlajomulco de Zu¤iga                    ,San Miguel Cuyutl n,39
14DTV0018Y,BENITO JUAREZ,TC 8hr,Zapopan                                 ,Ejido Copalita,19
14DTV0019X,VALENTIN GOMEZ FARIAS,Matuti,Ameca                                   ,El Sabino,1
14DTV0020M,PEDRO MORENO,TC 8hr,Ojuelos         ,La Paz,31
14DTV0021L,RITA PEREZ DE MORENO,Matuti,Sta Maria de los Angeles              ,Sauz de los M rquez,30
14DTV0023J,JOSEFA ORTIZ DE DOMINGUEZ,Matuti,Totatiche                               ,Santa Rita,10
14DTV0024I,INSURGENTES,Matuti,Encarnacion de Diaz                     ,Mes¢n de los Sauces,46
14DTV0025H,NI¥OS HEROES,Matuti,Teocaltiche                             ,Agua Tinta Abajo,13
14DTV0026G,RICARDO FLORES MAGON,Matuti,Ocotlan                                 ,Joconoxtle (La Tuna),34
14DTV0027F,PLAN DE AYALA,Matuti,Tizapan el alto                         ,Villa Emiliano Zapata (Ejido Modelo,40
14DTV0028E,VASCO DE QUIROGA,Matuti,Juanacatlan                             ,Ex-Hacienda de Zapotlanejo,54
14DTV0029D,FRANCISCO J MUJICA,TC 8hr,Cuautitlan      ,Tequesquitl n,26
14DTV0030T,ALVARO OBREGON,Matuti,Ixtlahuacan del rio                     ,Palos Altos,38
14DTV0031S,AQUILES SERDAN,Matuti,Tizapan el alto                         ,El Refugio,40
14DTV0032R,5 DE MAYO,Matuti,Ameca                                   ,Villa Hermosa,1
14DTV0033Q,SALVADOR ALVARADO,Matuti,Ayotlan                                 ,La Ribera,51
14DTV0034P,LUCAS ORTIZ BENITEZ,Matuti,Jesus Maria                             ,San Jos‚ de la Paz,55
14DTV0035O,RAFAEL RAMIREZ,Matuti,Tepatitlan de Morelos                   ,Tecomatl n,18
14DTV0036N,FRAY PEDRO DE GANTE,Matuti,Zapotlanejo                             ,Matatl n,54
14DTV0037M,JOSE CLEMENTE OROZCO,TC 8hr,Chimaltitan                             ,Cocuasco,10
14DTV0038L,ENRIQUE C REBSAMEN,Matuti,Mexticacan                              ,Ca¤ada de Islas,47
14DTV0039K,MANUEL LOPEZ COTILLA,Matuti,Jamay                                   ,San Miguel de la Paz,14
14DTV0040Z,ISIDRO CASTILLO PEREZ,TC 8hr,Zapotlanejo                             ,La Laja,20
14DTV0041Z,GUILLERMO PRIETO,TC 8hr,Poncitlan                               ,Santa Cruz el Grande,34
14DTV0042Y,ISIDRO CASTILLO PEREZ,TC 8hr,Poncitlan                               ,San Jacinto,15
14DTV0043X,SOR JUANA INES DE LA CRUZ,TC 8hr,La barca                                ,Guadalupe del Lerma,51
14DTV0044W,HEROES DE CANANEA,Matuti,Santa Maria del oro                     ,Santa Mar¡a del Oro,9
14DTV0045V,EMILIANO ZAPATA,Matuti,Atenguillo                              ,San Antonio de los Macedo,45
14DTV0046U,MARIANO MATAMOROS,Matuti,Ameca                                   ,San Miguel,1
14DTV0047T,FRAY PEDRO DE GANTE,Matuti,San I. Cerro Gordo                 ,Jaquetas,37
14DTV0049R,INDEPENDENCIA,Matuti,Arandas                                 ,Manuel Mart¡nez Valadez (Agua Negra,37
14DTV0050G,FRANCISCO NAVARRO MAYTORENA,Matuti,Autlan de Navarro                       ,Ahuacap n,4
14DTV0051F,NI¥OS HEROES,Matuti,Autlan de Navarro                       ,El Corcovado,4
14DTV0052E,JOSE MARIA MORELOS Y PAVON,Matuti,Autlan de Navarro                       ,Las Lagunillas (Lagunillas),4
14DTV0053D,HERIBERTO JARA,Matuti,Autlan de Navarro                       ,Las Paredes,4
14DTV0054C,PAULINO NAVARRO,Matuti,Ayutla                                  ,Santo Domingo,56
14DTV0055B,LAZARO CARDENAS DEL RIO,Matuti,Cuautitlan      ,Cuzalapa,26
14DTV0056A,MARCELINO GARCIA BARRAGAN,Matuti,Cuautitlan      ,Chacala,26
14DTV0057Z,JOSE CLEMENTE OROZCO,Matuti,Zapotlan el Grande                      ,La Mesa (El Fresnito),7
14DTV0058Z,GORDIANO GUZMAN,Matuti,Zapotlan el Grande                      ,Atequizay n,7
14DTV0059Y,20 DE NOVIEMBRE,Matuti,Chimaltitan                             ,San Juan de los Potreros,10
14DTV0060N,FILIBERTO VARGAS TENTORY,Matuti,Degollado                               ,Buenos Aires,33
14DTV0061M,RITA PEREZ DE MORENO,Matuti,Encarnacion de Diaz                     ,Caquixtle de Arriba,46
14DTV0062L,FRANCISCO VILLA,Matuti,El Limon                                ,El Palmar de San Antonio,24
14DTV0064J,BENITO JUAREZ,Matuti,Ixtlahuacan del rio                     ,Mascuala,38
14DTV0065I,SALVADOR HERMOSO NAJERA,Matuti,Ixtlahuacan del rio                     ,Trejos,38
14DTV0066H,JOSE G MATA LOPEZ,Matuti,Jesus Maria                             ,Allende (Josefino de Allende),55
14DTV0067G,VASCO DE QUIROGA,Matuti,Jalostotitlan                           ,Teocaltit n de Guadalupe,36
14DTV0068F,JUAN GIL PRECIADO,Matuti,Juchitlan                               ,Los Guajes,6
14DTV0069E,PANFILO NATERA,Matuti,Mezquitic                               ,Nostic,30
14DTV0070U,PEDRO MORENO,TC 8hr,Ojuelos         ,Matancillas (San Isidro Matancillas,31
14DTV0072S,MANUEL FERNANDEZ DE CASTRO,TC 8hr,Poncitlan                               ,San Miguel Zapotitl n,15
14DTV0074Q,16 DE SEPTIEMBRE,Matuti,San Juan de los Lagos                   ,El Agostadero,12
14DTV0075P,JUAN ALDAMA,Matuti,San Juan de los Lagos                   ,Mezquitic de la Magdalena,12
14DTV0077N,NI¥O ARTILLERO,Matuti,San Juan de los Lagos                   ,El Sauz de Ibarra,12
14DTV0079L,DIVISION DEL NORTE,Matuti,San Martin Hidalgo                      ,R¡o Grande,21
14DTV0081Z,CUITLAHUAC,Matuti,Sta Maria de los Angeles              ,Tenasco de Arriba,30
14DTV0082Z,FRANCISCO J MUJICA,Matuti,Tonala                                  ,Tonal ,54
14DTV0083Y,JOSE MA MERCADO,Matuti,Union de Tula                           ,La Pi¤uela,27
14DTV0084X,JOSEFA ORTIZ DE DOMINGUEZ,Matuti,U. de San Antonio                    ,San Jos‚ de las Palmas,32
14DTV0085W,MANUEL LOPEZ COTILLA,Matuti,Villa Hidalgo                           ,Tepusco,13
14DTV0086V,AGUSTIN YA¥EZ,Matuti,Yahualica ,Manalisco,47
14DTV0087U,JESUS GONZALEZ GORTAZAR,Matuti,Yahualica ,Huisquilco (Huiscuilco),47
14DTV0088T,RAMON GARCIA RUIZ,Matuti,Zapotlanejo                             ,Saucillo de Maldonado (El Saucillo),20
14DTV0089S,ALVARO GALVEZ Y FUENTES,TC 8hr,Zapotlanejo                             ,La Paz (Piedras Negras),20
14DTV0090H,MELCHOR OCAMPO,Matuti,Zapotlan del rey                        ,Tecualtit n,15
14DTV0094D,NICANDRA VAZQUEZ NAVA,Matuti,Atotonilco el Alto                      ,San Antonio de Fern ndez,16
14DTV0095C,1 DE MAYO,Matuti,U. de San Antonio                    ,Tlacuitapan,32
14DTV0097A,PLAN DE AYALA,Matuti,Tequila                                 ,San Mart¡n de las Ca¤as,49
14DTV0098Z,MARIANO AZUELA,Matuti,Ojuelos         ,Chinampas,31
14DTV0099Z,TIERRA Y LIBERTAD,TC 8hr,Ojuelos         ,Ninguno [Granja],31
14DTV0100Y,MANUEL M CERNA,Matuti,Degollado                               ,Mezquite Grande,33
14DTV0101X,MANUEL M PONCE,TC 8hr,Poncitlan                               ,San Luis del Agua Caliente,34
14DTV0102W,IGNACIO MANUEL ALTAMIRANO,Matuti,Villa purificacion                      ,San Miguel,25
14DTV0103V,ENRIQUE GONZALEZ MARTINEZ,Matuti,Lagos de Moreno                         ,La Troje (Los Nogales),44
14DTV0104U,ENRIQUETA SANCHEZ SATARAY,Matuti,El Limon                                ,La Ci‚nega,24
14DTV0105T,J JESUS LOMELI,Matuti,El Limon                                ,San Miguel Hidalgo,24
14DTV0106S,DAVID ALFARO SIQUEIROS,Matuti,Hostotipaquillo                         ,Santo Tom s,23
14DTV0107R,LUIS GARCIA DE QUEVEDO,Matuti,La huerta                               ,P‚rula,5
14DTV0109P,RAMON G BONFIL,Matuti,Casimiro Castillo                       ,El Zapotillo,25
14DTV0110E,ANTONIO CASO,TC 8hr,Cuautitlan      ,Ayotitl n,26
14DTV0111D,JULIAN CARRILLO,TC 8hr,Cuautitlan      ,Telcruz,26
14DTV0112C,MARIANO JIMENEZ,Matuti,Jalostotitlan                           ,San Gaspar de los Reyes (San Gaspar,36
14DTV0113B,ADOLFO LOPEZ MATEOS,Matuti,El Limon                                ,San Buenaventura,24
14DTV0114A,JESUS ROMERO FLORES,Matuti,El Limon                                ,San Juan de Amula,24
14DTV0115Z,ROSA DAVALOS BARAJAS,Matuti,Mascota                                 ,Navidad,2
14DTV0116Z,ENRIQUE CELIS DE LA TORRE,Matuti,Mascota                                 ,Rinc¢n de Mirandilla,2
14DTV0117Y,SAUL RODILES,Matuti,Mazamitla                               ,Puerta del Zapatero,9
14DTV0118X,PASTOR ROUAIX,Matuti,Mixtlan                                 ,La Laja,45
14DTV0119W,BELISARIO DOMINGUEZ,TC 8hr,Ojuelos         ,Vaquer¡as (Languillo),31
14DTV0120L,MELCHOR OCAMPO,Matuti,Pihuamo                                 ,Barreras,42
14DTV0121K,GUILLERMO GONZALEZ CAMARENA,Matuti,Pihuamo                                 ,La Estrella,42
14DTV0122J,J JESUS ALVAREZ CONSTANTINO,Matuti,Villa purificacion                      ,La Eca,25
14DTV0123I,JOSE LUIS MOYA,Matuti,Villa purificacion                      ,Jirosto,25
14DTV0124H,IGNACIO L VALLARTA,Matuti,Quitupan                                ,San Antonio (Carrillo Puerto),9
14DTV0126F,M AMPARO CISNEROS PONCE,Matuti,Talpa de Allende                        ,Cabos,22
14DTV0127E,MARIANO BARCENAS,Matuti,Casimiro Castillo                       ,Tecomates,25
14DTV0128D,ESTEBAN VACA CALDERON,Matuti,Casimiro Castillo                       ,Coyamel (El Coyame),25
14DTV0129C,DIEGO RIVERA,Matuti,Ayutla                                  ,Santa Rosal¡a,56
14DTV0130S,ARTICULO 3,Matuti,San Gabriel                             ,San Antonio,53
14DTV0131R,JOSE MA MORELOS,Matuti,Zapotiltic                              ,Ferrer¡a de Providencia,7
14DTV0132Q,FRANCISCO VILLA,Matuti,Union de Tula                           ,Ixtlahuac n de Santiago,27
14DTV0133P,16 DE SEPTIEMBRE,Matuti,Tonaya                                  ,Coatlancillo,24
14DTV0134O,15 DE MAYO,Matuti,Tenamaxtlan                             ,Juanacatl n,27
14DTV0135N,1 DE MAYO,Matuti,Tenamaxtlan                             ,Colotitl n,27
14DTV0136M,PLAN DE AYALA,Matuti,Tomatlan                                ,El Tule,35
14DTV0137L,EMILIANO ZAPATA,TC 8hr,Tomatlan                                ,Tequesquite,35
14DTV0138K,18 DE MARZO,Matuti,Tomatlan                                ,San Rafael de los Moreno,17
14DTV0139J,VALENTIN GOMEZ FARIAS,Matuti,Ayutla                                  ,San Pedro,56
14DTV0140Z,ALFONSO REYES,Matuti,Ayotlan                                 ,Betania,52
14DTV0141Y,JUSTO SIERRA,Matuti,Autlan de Navarro                       ,Rinc¢n de Luisa,4
14DTV0142X,MOISES SAENZ,Matuti,Atenguillo                              ,San Jos‚ de los Andrade,45
14DTV0143W,VENUSTIANO CARRANZA,Matuti,Autlan de Navarro                       ,El Mentidero,4
14DTV0144V,BENITO JUAREZ,Matuti,La barca                                ,San Antonio de Rivas,51
14DTV0145U,RICARDO FLORES MAGON,Matuti,Tamazula ,Villa de Contla (Contla),28
14DTV0146T,IGNACIO RAMIREZ,Matuti,Tecolotlan                              ,Palo Alto,6
14DTV0147S,ESTEBAN LOERA,Matuti,Tuxpan                                  ,Los Mazos,7
14DTV0148R,MANUEL ACU¥A,Matuti,Zacoalco de Torres                      ,San Marcos,8
14DTV0149Q,HERIBERTO JARA,Matuti,Ameca                                   ,El Texcalame,1
14DTV0150F,MIGUEL HIDALGO,Matuti,Jocotepec                               ,Potrerillos,40
14DTV0151E,LAZARO CARDENAS DEL RIO,Matuti,Huejucar                                ,Las Bocas,30
14DTV0152D,JOSE GUADALUPE ZUNO,Matuti,Tamazula ,San Francisco,28
14DTV0153C,NATALIO VAZQUEZ PALLARES,Matuti,Tapalpa                                 ,Juanacatl n,41
14DTV0154B,MARIANO OTERO,TC 8hr,Tecolotlan                              ,Ayotitl n,6
14DTV0155A,VASCO DE QUIROGA,TC 8hr,Tecolotlan                              ,Tamazulita,6
14DTV0156Z,JUAN DE DIOS PEZA,Matuti,Tomatlan                                ,Campo Acosta,35
14DTV0157Z,DAVID ALFARO SIQUEIROS,Matuti,Tomatlan                                ,Llano Grande,35
14DTV0158Y,JOSE MARIA VIGIL,Matuti,Autlan de Navarro                       ,Mezquit n (San Francisco de Abajo),4
14DTV0159X,LAZARO CARDENAS,Matuti,Talpa de Allende                        ,La Ca¤ada,22
14DTV0160M,BENITO JUAREZ,Matuti,Zacoalco de Torres                      ,Benito Ju rez (Catarina Uno),8
14DTV0161L,ADOLFO LOPEZ MATEOS,Matuti,Tamazula ,Soyatl n de Afuera,28
14DTV0162K,MELCHOR OCAMPO,Matuti,Pihuamo                                 ,San Jos‚ del Tule,42
14DTV0163J,JAVIER MINA,Matuti,San Martin Hidalgo                      ,Ipazoltic,21
14DTV0164I,RITA PEREZ DE MORENO,Matuti,Tequila                                 ,Santa Teresa,49
14DTV0165H,JOSE MA MERCADO,Matuti,Toliman                                 ,San Pedro Tox¡n,29
14DTV0166G,NARCISO BASSOLS,Matuti,Encarnacion de Diaz                     ,Santa B rbara (Estaci¢n Castro),46
14DTV0167F,RAFAEL RAMIREZ,Matuti,Encarnacion de Diaz                     ,Santa Mar¡a Transpontina,46
14DTV0168E,20 DE NOVIEMBRE,TC 8hr,Lagos de Moreno                         ,El Baj¡o (La Laguna),11
14DTV0169D,16 DE SEPTIEMBRE,TC 8hr,Lagos de Moreno                         ,San Crist¢bal,44
14DTV0170T,MANUEL M CERNA,TC 8hr,Lagos de Moreno                         ,Tacubaya,44
14DTV0171S,MIGUEL HIDALGO,Matuti,Lagos de Moreno                         ,Francisco Primo de Verdad (Ci‚nega ,44
14DTV0172R,5 DE FEBRERO,TC 8hr,Lagos de Moreno                         ,El Puesto,44
14DTV0173Q,SALVADOR ALVARADO,Matuti,Tecolotlan                              ,Quila,6
14DTV0174P,RAMON CORONA,Matuti,Villa purificacion                      ,Pabelo,25
14DTV0175O,IGNACIO MANUEL ALTAMIRANO,Matuti,San Juan de los Lagos                   ,Santa Rosa,12
14DTV0176N,FRANCISCO J MUJICA,Matuti,Zapotlan del rey                        ,Ahuatl n,15
14DTV0177M,MELCHOR OCAMPO,Matuti,Acatic                                  ,El Refugio (Paredones),18
14DTV0178L,JAIME TORRES BODET,Matuti,Mascota                                 ,Juanacatl n Grande (Juanacatl n),2
14DTV0179K,HERIBERTO JARA,Matuti,Cocula                                  ,La Puerta del Borrego,21
14DTV0180Z,MARIANO MATAMOROS,Matuti,Teocaltiche                             ,El Rosario,13
14DTV0181Z,ISIDRO CASTILLO PEREZ,Matuti,Ixtlahuacan del rio                     ,San Jos‚ de Buenavista,38
14DTV0182Y,18 DE MARZO,Matuti,Tepatitlan de Morelos                   ,Pegueros,18
14DTV0183X,CUAUHTEMOC,Matuti,Villa purificacion                      ,Estancia de Ambor¡n,25
14DTV0184W,RAMON LOPEZ VELARDE,Matuti,Jocotepec                               ,Las Trojes,40
14DTV0185V,FRANCISCO VILLA,Matuti,Ixtlahuacan del rio                     ,San Miguel de Abajo,38
14DTV0186U,PLAN DE AYALA,Matuti,Cuquio                                  ,Las Cruces,38
14DTV0187T,OTILIO MONTA¥O,Matuti,Cabo Corrientes                         ,Chacala,17
14DTV0188S,PEDRO MORENO,TC 8hr,San Gabriel                             ,Apango,53
14DTV0189R,ARTICULO 123,Matuti,Ayotlan                                 ,La Concepci¢n,51
14DTV0190G,ESTEBAN BACA CALDERON,Matuti,Poncitlan                               ,San Pedro Itzic n,15
14DTV0191F,ARTICULO 3,Matuti,Ayotlan                                 ,El Maluco,52
14DTV0192E,PLAN DE SAN LUIS,Matuti,Ayotlan                                 ,Mirandillas,52
14DTV0193D,MANUEL LOPEZ COTILLA,Matuti,Valle de Juarez                         ,Paso de Piedra,9
14DTV0194C,CASIMIRO CASTILLO,Matuti,Tizapan el alto                         ,El Volant¡n,40
14DTV0195B,TIERRA Y LIBERTAD,TC 8hr,Tlajomulco de Zu¤iga                    ,San Juan Evangelista (San Juan),39
14DTV0196A,IGNACIO ALDAMA,Matuti,Ameca                                   ,San Antonio Puerta de la Vega,1
14DTV0197Z,PEDRO MORENO,Matuti,Zapotiltic                              ,Villa L zaro C rdenas (El Aserrader,7
14DTV0198Z,GUILLERMO PRIETO,Matuti,Chiquilistlan                           ,Jalpa,6
14DTV0199Y,ARTICULO 27,Matuti,Ayotlan                                 ,La Isla,52
14DTV0200X,EMILIANO ZAPATA,Matuti,Ayotlan                                 ,Santa Rita,52
14DTV0201W,DIVISION DEL NORTE,Matuti,Cabo Corrientes                         ,Yelapa,48
14DTV0202V,FELIPE ANGELES,Matuti,Sn Sebastian,Santiago de Pinos,2
14DTV0204T,MIGUEL HIDALGO,Matuti,Ahualulco de Mercado                    ,Portes Gil (San Ignacio),3
14DTV0206R,EXPROPIACION PETROLERA,Matuti,Tuxpan                                  ,Platanar,7
14DTV0207Q,OTILIO MONTA¥O,Matuti,San Gabriel                             ,El Jazm¡n,53
14DTV0208P,JUAN DE DIOS PEZA,Matuti,Tamazula ,El Tulillo,28
14DTV0209O,VENUSTIANO CARRANZA,Matuti,Teocaltiche                             ,Huejotitl n,13
14DTV0210D,BENITO JUAREZ,Matuti,Teocuitatlan ,Santa Rosa,8
14DTV0211C,LAZARO CARDENAS DEL RIO,Matuti,Tomatlan                                ,L zaro C rdenas (La Nancy),35
14DTV0212B,IGNACIO RAMIREZ,Matuti,Talpa de Allende                        ,Los Ocotes,22
14DTV0213A,JOSE CLEMENTE OROZCO,Matuti,Amatitan                                ,Tepetates,49
14DTV0214Z,LAZARO CARDENAS DEL RIO,Matuti,Amatitan                                ,Chome (Ach¡o),49
14DTV0215Z,CUAUHTEMOC,Matuti,Atemajac de Brizuela                    ,Lagunillas,8
14DTV0216Y,JOSEFA ORTIZ DE DOMINGUEZ,Matuti,Atotonilco el Alto                      ,San Jos‚ del Valle,16
14DTV0217X,TIERRA Y LIBERTAD,Matuti,La barca                                ,San Francisco de Rivas,14
14DTV0218W,IGNACIO MANUEL ALTAMIRANO,Matuti,Encarnacion de Diaz                     ,El Salvador,46
14DTV0219V,EMILIANO ZAPATA,Matuti,La huerta                               ,Emiliano Zapata,5
14DTV0220K,MARINA CAMARENA HERNANDEZ,Matuti,La huerta                               ,Cofrad¡a,5
14DTV0221J,MOISES SAENZ,TC 8hr,Jilotlan,Jilotl n de los Dolores,42
14DTV0222I,JUSTO SIERRA,Matuti,Jocotepec                               ,Huejotit n,40
14DTV0223H,EMILIANO ZAPATA,Matuti,Ocotlan                                 ,San Mart¡n de Zula,34
14DTV0224G,VALENTIN GOMEZ FARIAS,TC 8hr,Ojuelos         ,La Presa,31
14DTV0225F,JAIME TORRES BODET,Matuti,San Martin Hidalgo                      ,Labor de Medina,21
14DTV0226E,RUBEN DARIO,Matuti,Sn Sebastian,La Tortuga,45
14DTV0227D,DIEGO RIVERA,Matuti,Tala                                    ,San Juan de los Arcos,3
14DTV0228C,ALFONSO REYES,Matuti,Tototlan                                ,San Isidro,16
14DTV0229B,ALFONSO REYES,Matuti,Talpa de Allende                        ,Desmoronado (El Real),22
14DTV0230R,MARIANO AZUELA,Matuti,Zapopan                                 ,San Esteban (San Miguel Tateposco),19
14DTV0231Q,ENRIQUE GONZALEZ MARTINEZ,TC 8hr,Bola¤os                                 ,Tuxpan de Bola¤os,10
14DTV0232P,JOSE MA LUIS MORA,Matuti,San Martin Hidalgo                      ,Camajapita,21
14DTV0233O,CARLOS A CARRILLO,Matuti,San Martin Hidalgo                      ,San Isidro Palo Verde,21
14DTV0234N,SOR JUANA INES DE LA CRUZ,Matuti,Lagos de Moreno                         ,Las Cruces,11
14DTV0235M,MOISES SAENZ GARZA,TC 8hr,Jamay                                   ,San Agust¡n,14
14DTV0236L,ENRIQUE C REBSAMEN,Matuti,San Miguel el Alto                      ,San Jos‚ de los Reynoso,36
14DTV0237K,FRANCISCO ROJAS GONZALEZ,Matuti,La barca                                ,La Paz de Ordaz,14
14DTV0238J,GUSTAVO DIAZ ORDAZ,Matuti,Ayotlan                                 ,San Jer¢nimo,51
14DTV0239I,AGUSTIN YA¥EZ,Matuti,La barca                                ,El Gobernador,51
14DTV0240Y,RAFAEL RAMIREZ,Matuti,Cocula                                  ,Camichines,21
14DTV0241X,SALVADOR ALVARADO,Matuti,Cocula                                  ,Santa Teresa,21
14DTV0242W,JUSTO SIERRA,Matuti,La huerta                               ,Juan Gil Preciado,5
14DTV0243V,IDOLINA GAONA DE COSIO,Matuti,Ejutla                                  ,Ejutla,27
14DTV0244U,JUAN RULFO,Matuti,Huejucar                                ,Tlalcosahua,30
14DTV0245T,OCTAVIO PAZ,Matuti,Tomatlan                                ,Gargantillo (La Hacienda),35
14DTV0246S,ALFONSO REYES,Matuti,Tlajomulco de Zu¤iga                    ,La Calera,39
14DTV0247R,MANUEL M DIEGUEZ,Matuti,Teocuitatlan ,La Milpilla,8
14DTV0248Q,JOSE VASCONCELOS,Matuti,Teocaltiche                             ,Villa de Ornelas (Ornelas),13
14DTV0249P,MANUEL LOPEZ COTILLA,Matuti,Teocaltiche                             ,Gavil n de Abajo,13
14DTV0250E,VALENTIN GOMEZ FARIAS,Matuti,Casimiro Castillo                       ,Nuevo Ejido Corral de Piedra,25
14DTV0252C,ALVARO GALVEZ Y FUENTES,Matuti,Lagos de Moreno                         ,San Antonio de Buenavista,44
14DTV0253B,VICENTE GUERRERO,Matuti,Colotlan                                ,El Epazote,30
14DTV0254A,BENITO JUAREZ,Matuti,Lagos de Moreno                         ,El Ojuelo,11
14DTV0255Z,VICENTE GUERRERO,Matuti,San Juan de los Lagos                   ,Las Verdolagas,12
14DTV0256Z,PLUTARCO ELIAS CALLES,Matuti,U. de San Antonio                    ,San Jos‚ del Caliche (El Caliche),32
14DTV0257Y,EMILIANO ZAPATA,Matuti,Cuquio                                  ,Los Zapotes,50
14DTV0258X,NI¥OS HEROES,Matuti,La barca                                ,Los Guayabos,14
14DTV0259W,FRAY ANTONIO ALCALDE,Matuti,La barca                                ,San Jos‚ de las Moras,14
14DTV0260L,HUASCATO,Matuti,Degollado                               ,Hu scato,33
14DTV0261K,LAZARO CARDENAS DEL RIO,Matuti,Zapotlan del rey                        ,Santiago Totolimixpan (Colonia la G,15
14DTV0262J,JOSE VASCONCELOS,Matuti,Tlajomulco de Zu¤iga                    ,Cofrad¡a,39
14DTV0263I,IGNACIO RAMIREZ,Matuti,Zapopan                                 ,San Francisco de Ixcat n,19
14DTV0264H,LEONA VICARIO,TC 8hr,Zapopan                                 ,RIO BLANCO                         ,19
14DTV0265G,20 DE NOVIEMBRE,Matuti,Jilotlan,El Cerrito,42
14DTV0266F,LUIS ENRIQUE BRACAMONTES,Matuti,Tapalpa                                 ,Atacco,41
14DTV0267E,16 DE SEPTIEMBRE,Matuti,Tuxpan                                  ,San Juan Espanatica (El Pueblito),7
14DTV0268D,INDEPENDENCIA,Matuti,Zacoalco de Torres                      ,Cacaluta (La Villita),8
14DTV0269C,BENITO JUAREZ,Matuti,Autlan de Navarro                       ,Ayutita,4
14DTV0270S,JAIME TORRES BODET,Matuti,Ejutla                                  ,La Labor,27
14DTV0271R,AGUSTIN YA¥EZ,Matuti,Cabo Corrientes                         ,El Refugio Suchitl n (La Congregaci,17
14DTV0272Q,JUAN ESCUTIA,Matuti,Cabo Corrientes                         ,Villa del Mar,17
14DTV0273P,JOSE MA MORELOS Y PAVON,TC 8hr,La huerta                               ,La Manzanilla,5
14DTV0274O,LEONA VICARIO,TC 8hr,Puerto Vallarta                         ,Boca de Tomatl n,48
14DTV0275N,MARIANO BARCENAS,Matuti,Ahualulco de Mercado                    ,Santa Cruz de B rcenas (Santa Cruz),3
14DTV0276M,PRIMITIVO AVILA LEAL,Matuti,Hostotipaquillo                         ,El Tequesquite,23
14DTV0278K,FRANCISCO VILLA,Matuti,Magdalena                               ,La Joya,23
14DTV0279J,JUAN ESCUTIA,TC 8hr,Tequila                                 ,El Salvador,49
14DTV0280Z,EMILIANO ZAPATA,Matuti,Teuchitlan                              ,La Estanzuela,3
14DTV0281Y,BENITO JUAREZ,Matuti,Ayutla                                  ,Tepantla,56
14DTV0282X,JUAN ESCUTIA,Matuti,Ayutla                                  ,Tepospizaloya,56
14DTV0284V,FRANCISCO GONZALEZ BOCANEGRA,Matuti,Cuquio                                  ,La Esperanza (El Ranchito),50
14DTV0286T,IGNACIO ALLENDE,Matuti,Cuquio                                  ,Cuacuala,50
14DTV0287S,LAZARO CARDENAS,Matuti,Cuquio                                  ,Juchitl n,50
14DTV0289Q,JOSE VASCONCELOS,Matuti,Ameca                                   ,La Villita,1
14DTV0291E,AGUSTIN YA¥EZ,Matuti,Tuxpan                                  ,Atenquique,7
14DTV0292D,VICENTE GUERRERO,TC 8hr,Ojuelos         ,Guadalupe Victoria,31
14DTV0293C,JUSTO SIERRA,Matuti,Tapalpa                                 ,San Antonio (San Antonio de Padua),41
14DTV0294B,LAZARO CARDENAS,Matuti,Zapotiltic                              ,El Coahuayote (El Arco),7
14DTV0295A,JAIME TORRES BODET,Matuti,Amatitan                                ,Santiaguito,49
14DTV0296Z,ADOLFO LOPEZ MATEOS,Matuti,Ayotlan                                 ,Ca¤ada de San Ignacio,52
14DTV0297Z,PEDRO MORENO,Matuti,Hostotipaquillo                         ,La Venta de Mochitiltic,23
14DTV0298Y,BENITO JUAREZ,Matuti,Mascota                                 ,Yerbabuena,2
14DTV0299X,NI¥OS HEROES,Matuti,Tomatlan                                ,Puentecillas,35
14DTV0300W,ADOLFO LOPEZ MATEOS,Matuti,Tomatlan                                ,La Gloria,35
14DTV0301V,BENITO JUAREZ,Matuti,Talpa de Allende                        ,La Cuesta,22
14DTV0302U,BENITO JUAREZ,Matuti,La huerta                               ,La Mesa,5
14DTV0303T,BELISARIO DOMINGUEZ,Matuti,Union de Tula                           ,San Gaspar,27
14DTV0304S,JUAN DE LA BARRERA,Matuti,Magdalena                               ,San Andr‚s,23
14DTV0305R,BENITO JUAREZ,Matuti,San Miguel el Alto                      ,Mirandillas,36
14DTV0306Q,PEDRO MORENO,Matuti,Encarnacion de Diaz                     ,Santa Mar¡a de Enmedio,46
14DTV0307P,BENITO JUAREZ,Matuti,Tapalpa                                 ,Los Espinos,41
14DTV0308O,JUAN RULFO,Matuti,Tuxcacuesco                             ,Los Gonz lez,24
14DTV0309N,EMILIANO ZAPATA,Matuti,Encarnacion de Diaz                     ,San Sebasti n del µlamo,46
14DTV0310C,MANUEL LOPEZ COTILLA,Matuti,La huerta                               ,El Rebalsito de Apazulco,5
14DTV0311B,LUIS DONALDO COLOSIO MURRIETA,Matuti,Mascota                                 ,La Majada,2
14DTV0312A,EMILIANO ZAPATA,Matuti,Sn Sebastian,La Estancia de Landeros,2
14DTV0313Z,LAZARO CARDENAS DEL RIO,Matuti,Cocula                                  ,Tateposco (San Jos‚ Tateposco),21
14DTV0314Z,MARIANO ESCOBEDO,Matuti,Quitupan                                ,Mariano Escobedo (La Guadalupe),9
14DTV0315Y,MIGUEL HIDALGO Y COSTILLA,Matuti,Tamazula ,La Joya del Salto (Ca¤ada del Salto,28
14DTV0316X,CRISTOBAL COLON,Matuti,Atoyac                                  ,Uni¢n de Guadalupe,41
14DTV0317W,AGUSTIN YA¥EZ,Matuti,Tapalpa                                 ,La Lagunilla,41
14DTV0318V,ALVARO GALVEZ Y FUENTES,TC 8hr,Tuxcueca                                ,Tuxcueca,40
14DTV0319U,CUAUHTEMOC,Matuti,Ixtlahuacan del rio                     ,Los Puentes,38
14DTV0320J,PEDRO BRAVO RUIZ,TC 8hr,Puerto Vallarta                         ,Puerto Vallarta,48
14DTV0321I,AMADO NERVO,TC 8hr,Puerto Vallarta                         ,Tebelchia (El Roble),48
14DTV0322H,NI¥OS HEROES,Matuti,Jocotepec                               ,El Molino,40
14DTV0323G,MANUEL DOBLADO,Matuti,Jesus Maria                             ,La Atarjea,55
14DTV0324F,LEANDRO VALLE,Matuti,San I. Cerro Gordo                 ,La Trinidad,37
14DTV0325E,SANTOS DEGOLLADO,Matuti,Tepatitlan de Morelos                   ,Mezcala,47
14DTV0326D,JUAN ALVAREZ,Matuti,Tepatitlan de Morelos                   ,Ojo de Agua de Latillas,18
14DTV0327C,JOSEFA ORTIZ DE DOMINGUEZ,Matuti,San Julian                              ,Puerta de Amolero (Puerta del Aire),36
14DTV0328B,FRANCISCO GONZALEZ BOCANEGRA,Matuti,Teocaltiche                             ,La Trinidad,13
14DTV0329A,VICTORIANO SALADO ALVAREZ,Matuti,Teocaltiche                             ,El Salitre,13
14DTV0330Q,IGNACIO L VALLARTA,TC 8hr,Zapopan                                 ,Nextipac,19
14DTV0331P,LUIS DONALDO COLOSIO MURRIETA,TC 8hr,Atotonilco el Alto                      ,Milpillas,16
14DTV0332O,LAZARO CARDENAS DEL RIO,Matuti,Cuquio                                  ,San Juan del Monte,50
14DTV0333N,SOR JUANA INES DE LA CRUZ,Matuti,Zapotlan del rey                        ,Chila,15
14DTV0334M,JUAN DE LA BARRERA,Matuti,Atotonilco el Alto                      ,El Refugio de los Bajos,52
14DTV0335L,FRANCISCO VILLA,Matuti,Chimaltitan                             ,Tepizuac,10
14DTV0336K,FRANCISCO GONZALEZ BOCANEGRA,Matuti,Colotlan                                ,Dolores,10
14DTV0337J,EMILIANO ZAPATA,Matuti,Huejuquilla el alto                     ,La Cofrad¡a,43
14DTV0338I,LEYES DE REFORMA,Matuti,Hostotipaquillo                         ,Plan de Barrancas,23
14DTV0339H,MIGUEL HIDALGO Y COSTILLA,Matuti,Mascota                                 ,Zacatongo,45
14DTV0340X,NI¥OS HEROES,Matuti,Magdalena                               ,La Quemada,23
14DTV0341W,BALDOMERO SANDOVAL ARREDONDO,Matuti,Ameca                                   ,El Portezuelo,1
14DTV0342V,BENITO JUAREZ,TC 8hr,Zapotlanejo                             ,Joya del Camino (Las Palmitas),20
14DTV0343U,EMILIANO ZAPATA,Matuti,El grullo                               ,El Aguacate,24
14DTV0344T,FRANCISCO I MADERO,TC 8hr,Cuautitlan      ,La Guaca,26
14DTV0345S,JOSE CLEMENTE OROZCO,TC 8hr,La huerta                               ,San Mateo,5
14DTV0346R,ADOLFO LOPEZ MATEOS,Matuti,Tecolotlan                              ,Cofrad¡a de Duendes,6
14DTV0347Q,BENITO JUAREZ,Matuti,Tlajomulco de Zu¤iga                    ,La Uni¢n del Cuatro (San Jos‚ del V,39
14DTV0348P,MIGUEL HIDALGO Y COSTILLA,Matuti,Cihuatlan                               ,El Aguacate,5
14DTV0349O,LUIS DONALDO COLOSIO MURRIETA,Matuti,Atengo                                  ,Trigo de Alte¤as,27
14DTV0350D,SOR JUANA INES DE LA CRUZ,Matuti,Cuautla                                 ,Chilacayote,56
14DTV0351C,NETZAHUALCOYOTL,Matuti,Villa Guerrero                          ,San Lorenzo de Atzquelt n,10
14DTV0352B,MIGUEL HIDALGO Y COSTILLA,Matuti,San Martin de Bola¤os                   ,Mamatla,10
14DTV0353A,INDEPENDENCIA,Matuti,Acatlan de Juarez                       ,San Jos‚ de los Pozos,39
14DTV0354Z,SEBASTIAN LERDO DE TEJADA,Matuti,Ca¤adas de Obregon                      ,El Zapotillo,47
14DTV0355Z,NI¥OS HEROES,Matuti,Atotonilco el Alto                      ,La Pur¡sima,16
14DTV0356Y,BENITO JUAREZ,TC 8hr,Tototlan                                ,Carrozas,34
14DTV0357X,JOSE MA MORELOS Y PAVON,Matuti,Tototlan                                ,San Agust¡n (Capulines),16
14DTV0358W,JUAN ESCUTIA,Matuti,Ocotlan                                 ,General Joaqu¡n Amaro (Los Sauces),34
14DTV0359V,LUIS DONALDO COLOSIO,Matuti,San Cristobal,Cuyutl n,19
14DTV0360K,JAIME TORRES BODET,Matuti,Huejuquilla el alto                     ,La Soledad,43
14DTV0361J,AGUSTIN DE LA ROSA,Matuti,Techaluta ,El Zapote (San Miguel del Zapote),8
14DTV0362I,JUAN DE LA BARRERA,TC 8hr,Zapotitlan de Vadillo                   ,Loma de las Flores,29
14DTV0363H,MIGUEL HIDALGO Y COSTILLA,Matuti,Tecalitlan                              ,Ahuijullo,42
14DTV0364G,JUAN JOSE ARREOLA,Matuti,La Manzanilla,Villa Morelos,9
14DTV0365F,MIGUEL HIDALGO Y COSTILLA,TC 8hr,Jilotlan,Rancho Nuevo (El Murci‚lago),42
14DTV0366E,JOSE RUBEN ROMERO,Matuti,Acatic                                  ,Tierras Coloradas,18
14DTV0367D,MARIANO OTERO,Matuti,Arandas                                 ,La Granjena,37
14DTV0368C,FRANCISCO I MADERO,TC 8hr,Lagos de Moreno                         ,La Cantera (La Cantera de los Moren,11
14DTV0369B,JOSE CLEMENTE OROZCO,Matuti,Jalostotitlan                           ,San Nicol s de las Flores,36
14DTV0370R,DAVID ALFARO SIQUEIROS,Matuti,Yahualica ,El Baluarte,47
14DTV0371Q,DIANA LAURA RIOJAS DE COLOSIO,Matuti,Cuquio                                  ,Los Mezquites,50
14DTV0372P,MARIA PADILLA MU¥OZ,Matuti,San Miguel el Alto                      ,Belem,36
14DTV0373O,LUIS MORENO PEREZ,TC 8hr,Lagos de Moreno                         ,Primero de Mayo (Chupaderos),44
14DTV0374N,JOSEFA ORTIZ DE DOMINGUEZ,Matuti,Villa purificacion                      ,Zapot n,25
14DTV0375M,GABRIELA MISTRAL,Matuti,Villa purificacion                      ,Llano del Higo,25
14DTV0376L,VICENTE GUERRERO,TC 8hr,Cuautitlan      ,Lagunillas de Macoaca (Lagunillas),26
14DTV0377K,SALVADOR ESQUER APODACA,Matuti,Autlan de Navarro                       ,Autl n de Navarro,4
14DTV0378J,FERNANDO MONTES DE OCA,Matuti,Ayutla                                  ,El Zapote de Ch vez,56
14DTV0379I,FRANCISCO VILLA,Matuti,Atotonilco el Alto                      ,Los Cuates (La Pareja),16
14DTV0380Y,FRANCISCO I MADERO,Matuti,Tototlan                                ,Ramblas Chico,16
14DTV0381X,MELCHOR OCAMPO,Matuti,Degollado                               ,San Hip¢lito (Altamira),33
14DTV0382W,LUIS DONALDO COLOSIO MURRIETA,Matuti,Jamay                                   ,La Maltara¤a (La Palmita),14
14DTV0383V,MIGUEL HIDALGO Y COSTILLA,Matuti,Mixtlan                                 ,El Hollejo (T¡o Cleto),45
14DTV0384U,VENUSTIANO CARRANZA,TC 8hr,Villa Corona                            ,El Barro,39
14DTV0385T,PEDRO MORENO,Matuti,Ameca                                   ,Queixpan,1
14DTV0386S,NACIONES UNIDAS,Matuti,Guachinango                             ,Llano Grande,45
14DTV0387R,CRISTOBAL COLON,Matuti,Sn Sebastian,Cofrad¡a Santa Cruz de Camotl n,45
14DTV0388Q,BENITO JUAREZ,Matuti,San Juanito               ,Santiaguito,3
14DTV0389P,MARIANO MATAMOROS,Matuti,Magdalena                               ,San Sim¢n,23
14DTV0390E,IGNACIO ALLENDE,Matuti,Tequila                                 ,El C¢bano,49
14DTV0391D,FRANCISCO I MADERO,TC 8hr,El salto                                ,El Muey,54
14DTV0392C,LUIS DONALDO COLOSIO,TC 8hr,Ixtlahuacan de los M.         ,Los Cedros,54
14DTV0393B,FRANCISCO VILLA,Matuti,Chapala                                 ,San Nicol s de Ibarra,40
14DTV0394A,EMILIANO ZAPATA,Matuti,Toliman                                 ,Teutl n,29
14DTV0395Z,MIGUEL HIDALGO Y COSTILLA,Matuti,San Gabriel                             ,Totolimixpa,53
14DTV0396Z,FRANCISCO VILLA,TC 8hr,Tuxcacuesco                             ,Zenzontla,24
14DTV0397Y,JOSEFA ORTIZ DE DOMINGUEZ,Matuti,Ocotlan                                 ,Rancho Viejo del Refugio (Rancho Vi,34
14DTV0398X,VICENTE GUERRERO,Matuti,Ocotlan                                 ,San Vicente (Labor Vieja),34
14DTV0399W,PRISCILIANO SANCHEZ,Matuti,Pihuamo                                 ,El Guayabo,42
14DTV0400V,LAZARO CARDENAS DEL RIO,Matuti,Toliman                                 ,Santa Elena (Santa Elena de la Cruz,29
14DTV0401U,SOR JUANA INES DE LA CRUZ,Matuti,Gomez Farias                            ,El Rodeo,53
14DTV0402T,PRISCILIANO SANCHEZ,Matuti,Cabo Corrientes                         ,Chimo,48
14DTV0403S,FRANCISCO VILLA,Matuti,Degollado                               ,Los Fresnos,33
14DTV0404R,IGNACIO ZARAGOZA,TC 8hr,Jilotlan,San Francisco,42
14DTV0405Q,NI¥OS HEROES,Matuti,Tonaya                                  ,Los Asmoles,24
14DTV0406P,BELISARIO DOMINGUEZ,Matuti,Colotlan                                ,Jalisco del Refugio (Jalisco),30
14DTV0407O,FRANCISCO VILLA,Matuti,Arandas                                 ,El Nacimiento de Arriba,55
14DTV0408N,SALVADOR NOVO,Matuti,Mexticacan                              ,Chimaliqu¡n de Arriba,47
14DTV0409M,ADOLFO RUIZ CORTINES,Matuti,Tepatitlan de Morelos                   ,Los Cerritos,47
14DTV0410B,GUILLERMO GONZALEZ CAMARENA,Matuti,Tepatitlan de Morelos                   ,La Mesa del Guitarrero (Mesa de la ,18
14DTV0411A,EDUARDO RUIZ,Matuti,Tepatitlan de Morelos                   ,San Jos‚ de Bazarte (La Villa),18
14DTV0412Z,1 DE MAYO,Matuti,Hostotipaquillo                         ,El Llano de los Vela,23
14DTV0413Z,RICARDO FLORES MAGON,Matuti,Villa Corona                            ,Buenavista,39
14DTV0414Y,IGNACIO ZARAGOZA,Matuti,Villa Corona                            ,El Tecu n,39
14DTV0415X,JOSE MARIA MORELOS Y PAVON,Matuti,Ameca                                   ,Las Pilas,1
14DTV0416W,JUAN ESCUTIA,Matuti,Talpa de Allende                        ,Cuale,22
14DTV0417V,FRANCISCO I MADERO,Matuti,Talpa de Allende                        ,Los Zapotes,22
14DTV0418U,FRANCISCO VILLA,Matuti,Tomatlan                                ,El Tigre,17
14DTV0420I,RAMON LOPEZ VELARDE,Matuti,Encarnacion de Diaz                     ,Corral de Piedra,46
14DTV0421H,LUIS DONALDO COLOSIO,Matuti,Encarnacion de Diaz                     ,El Tropez¢n,46
14DTV0422G,HEROES DE LA INDEPENDENCIA,Matuti,Lagos de Moreno                         ,Chipinque de Arriba,11
14DTV0423F,JUAN ESCUTIA,Matuti,Lagos de Moreno                         ,El Refugio (El Maguey),44
14DTV0424E,24 DE FEBRERO,Matuti,Lagos de Moreno                         ,Sabino,11
14DTV0425D,EMILIANO ZAPATA,Matuti,Lagos de Moreno                         ,Santa In‚s,11
14DTV0426C,VICENTE SUAREZ,Matuti,San Miguel el Alto                      ,La Angostura,36
14DTV0427B,LAZARO CARDENAS DEL RIO,TC 8hr,Ojuelos         ,Encinillas,31
14DTV0428A,MARIANO ESCOBEDO,Matuti,Teocaltiche                             ,Mascua,13
14DTV0429Z,VICENTE GUERRERO,Matuti,Teocaltiche                             ,La Calera,13
14DTV0430P,AMADO NERVO,Matuti,U. de San Antonio                    ,La Noria (Las Norias de las Vueltas,32
14DTV0431O,ADOLFO LOPEZ MATEOS,TC 8hr,Lagos de Moreno                         ,San Isidro de Abajo,11
14DTV0432N,FRANCISCO I MADERO,Matuti,Encarnacion de Diaz                     ,Las Pilas de Abajo,46
14DTV0433M,PEDRO MORENO,Matuti,U. de San Antonio                    ,El Saucillo de Primavera,32
14DTV0434L,CARLOS GONZALEZ PE¥A,Matuti,U. de San Antonio                    ,San Antonio de la Garza,32
14DTV0435K,5 DE MAYO,TC 8hr,Ojuelos         ,Matanzas,31
14DTV0436J,LUIS DONALDO COLOSIO MURRIETA,Matuti,Villa purificacion                      ,Espinos de Jud¡o,25
14DTV0437I,EMILIANO ZAPATA,Matuti,Tecolotlan                              ,Villegas,6
14DTV0438H,FRANCISCO MARQUEZ,Matuti,Autlan de Navarro                       ,La Aldaba,4
14DTV0439G,VALENTIN GOMEZ FARIAS,TC 8hr,Cuautitlan      ,El Chico,26
14DTV0440W,HUITZILOPOCHTLI,Matuti,Tomatlan                                ,La Cumbre,35
14DTV0441V,JOSE MARIA MORELOS Y PAVON,Matuti,Zapotlan del rey                        ,Los Cerritos,34
14DTV0442U,ADOLFO LOPEZ MATEOS,TC 8hr,Poncitlan                               ,Agua Caliente,15
14DTV0443T,LAZARO CARDENAS DEL RIO,TC 8hr,La barca                                ,Los Canales,14
14DTV0444S,JUAN ESCUTIA,Matuti,Ayotlan                                 ,La Noria,51
14DTV0445R,AMADO NERVO,Matuti,Degollado                               ,Tarimoro,33
14DTV0446Q,NI¥OS HEROES,Matuti,Cuquio                                  ,Ocotic,50
14DTV0447P,GUILLERMO GONZALEZ CAMARENA,Matuti,San Cristobal,Los Pueblitos,19
14DTV0448O,FERNANDO GONZALEZ SALAZAR,Matuti,San Cristobal,La Lobera,19
14DTV0449N,JOSE VASCONCELOS,Matuti,Tequila                                 ,El Medine¤o,49
14DTV0450C,20 DE NOVIEMBRE,Matuti,Tequila                                 ,Tuit n,49
14DTV0451B,JUAN ESCUTIA,Matuti,Atemajac de Brizuela                    ,Tierra Blanca,8
14DTV0452A,VENUSTIANO CARRANZA,Matuti,Toliman                                 ,Huisichi,29
14DTV0453Z,JAIME TORRES BODET,Matuti,Atoyac                                  ,Cuyacapan,41
14DTV0454Z,GABRIELA MISTRAL,Matuti,Tuxcacuesco                             ,San Miguel,24
14DTV0455Y,JUAN JOSE ARREOLA,Matuti,Zapotlan el Grande                      ,Ciudad Guzm n,7
14DTV0457W,JOSE VASCONCELOS CALDERON,Matuti,Toliman                                 ,Las Canoas,29
14DTV0458V,JOSE MARIA MERCADO,Matuti,Tequila                                 ,Atemanica,49
14DTV0459U,BENITO JUAREZ,Matuti,Mezquitic                               ,Los Amoles (Baj¡o de los Amoles),10
14DTV0460J,MOCTEZUMA,Matuti,Mezquitic                               ,Pueblo Nuevo,43
14DTV0462H,JOSE MA MORELOS Y PAVON,Matuti,Mezquitic                               ,El Puertecito,10
14DTV0463G,CUAUHTEMOC,Matuti,Mezquitic                               ,San Sebasti n Teponahuaxtl n,10
14DTV0464F,XICOTENCATL,Matuti,Mezquitic                               ,San Andr‚s Cohamiata,43
14DTV0466D,LUIS DONALDO COLOSIO MURRIETA,TC 8hr,San Cristobal,Excamilpa,19
14DTV0467C,AMADO NERVO,Matuti,Degollado                               ,La V¡bora (Villa del Refugio),33
14DTV0468B,VICENTE GUERRERO,TC 8hr,Puerto Vallarta                         ,Mismaloya,48
14DTV0469A,MIGUEL HIDALGO Y COSTILLA,Matuti,Cabo Corrientes                         ,Ixtlahuahuey,17
14DTV0470Q,JUAN DE LA BARRERA,Matuti,Cabo Corrientes                         ,Las Juntas y los Veranos,48
14DTV0471P,AGUSTIN DE ITURBIDE,Matuti,Sn Sebastian,Pueblito San Pablo (El Pueblito),2
14DTV0472O,PRISCILIANO SANCHEZ,Matuti,Sn Sebastian,Amatanejo,45
14DTV0473N,JOSEFA ORTIZ DE DOMINGUEZ,Matuti,San Martin Hidalgo                      ,San Jer¢nimo (Los Barbosa),21
14DTV0474M,JUAN ALVAREZ,Matuti,Ameca                                   ,Jayamitla (Colmenar),1
14DTV0475L,JOSE MARIA MORELOS Y PAVON,Matuti,Cocula                                  ,El Saucillo,21
14DTV0476K,SOR JUANA INES DE LA CRUZ,Matuti,Mixtlan                                 ,Agua Zarca,45
14DTV0477J,NI¥OS HEROES,Matuti,Talpa de Allende                        ,Concepci¢n del Bramador (La Concha),22
14DTV0478I,ADOLFO RUIZ CORTINES,TC 8hr,Puerto Vallarta                         ,El Colorado,48
14DTV0479H,EL PIPILA,Matuti,Tomatlan                                ,El Mapache,17
14DTV0480X,MIGUEL HIDALGO Y COSTILLA,Matuti,Zapotlanejo                             ,Se¤oritas,20
14DTV0481W,FRANCISCO J MUJICA,Matuti,Acatic                                  ,Tequililla,18
14DTV0482V,MARIANO MATAMOROS,Matuti,Arandas                                 ,La Gloria,55
14DTV0483U,LAZARO CARDENAS DEL RIO,Matuti,San I. Cerro Gordo                 ,La Ladrillera,37
14DTV0484T,BELISARIO DOMINGUEZ,Matuti,Arandas                                 ,El Nopal,37
14DTV0485S,SOR JUANA INES DE LA CRUZ,Matuti,Ixtlahuacan del rio                     ,Quelit n,38
14DTV0486R,JOSE MARIA MORELOS Y PAVON,Matuti,Ixtlahuacan del rio                     ,El Paso de Guadalupe,38
14DTV0487Q,ANTIGUA GUADALAJARA,Matuti,Ixtlahuacan del rio                     ,Tacotl n,38
14DTV0488P,SOR JUANA INES DE LA CRUZ,TC 8hr,Tlajomulco de Zu¤iga                    ,Lomas de Tejeda,39
14DTV0489O,MIGUEL HIDALGO Y COSTILLA,Matuti,Lagos de Moreno                         ,Cuautitl n,44
14DTV0490D,JOSE CLEMENTE OROZCO,Matuti,Lagos de Moreno                         ,La Escondida,44
14DTV0491C,JOSE MARIA MORELOS Y PAVON,TC 8hr,Ojuelos         ,Morenitos,31
14DTV0492B,GABRIELA MISTRAL,TC 8hr,San Juan de los Lagos                   ,Casas Viejas (Agua Blanca),12
14DTV0493A,MANUEL LOPEZ COTILLA,Matuti,San Juan de los Lagos                   ,Halconero de Abajo,12
14DTV0494Z,MIGUEL HIDALGO Y COSTILLA,Matuti,Union de Tula                           ,Tacot n (La Alpatahua),27
14DTV0495Z,EMILIANO ZAPATA,Matuti,Union de Tula                           ,San Cayetano,27
14DTV0496Y,MANUEL LOPEZ COTILLA,Matuti,Cuautitlan      ,Sehuaya,26
14DTV0497X,NI¥OS HEROES,Matuti,Chiquilistlan                           ,Agua Hedionda (San Jos‚ de la Pe¤a),6
14DTV0498W,JUAN ESCUTIA,Matuti,Atengo                                  ,Tacota,27
14DTV0499V,20 DE NOVIEMBRE,Matuti,Tamazula ,El Veladero,28
14DTV0500U,ARNULFO NU¥EZ CONTRERAS,TC 8hr,Jilotlan,Tandigu n,42
14DTV0501T,EMILIANO ZAPATA,Matuti,La barca                                ,Santa Luc¡a,51
14DTV0502S,SOR JUANA INES DE LA CRUZ,Matuti,Atotonilco el Alto                      ,Ci‚nega del Pastor,16
14DTV0503R,GUADALUPE VICTORIA,TC 8hr,Chapala                                 ,Santa Cruz de la Soledad,40
14DTV0504Q,LUIS DONALDO COLOSIO MURRIETA,Matuti,Tototlan                                ,La Isla,16
14DTV0505P,FRANCISCO MARQUEZ,TC 8hr,Poncitlan                               ,La Zapotera,15
14DTV0506O,PEDRO MORENO,Matuti,San Diego de Alejandria                 ,Casas Blancas (San Felipe de Jes£s),32
14DTV0507N,PORFIRIO DIAZ,Matuti,U. de San Antonio                    ,Santa Teresa,32
14DTV0508M,FRANCISCO VILLA,Matuti,Acatic                                  ,Santa Rita,18
14DTV0510A,OCTAVIO PAZ,Matuti,Arandas                                 ,La Vaquera,37
14DTV0511Z,GUADALUPE VICTORIA,Matuti,Jesus Maria                             ,Ayo el Grande,55
14DTV0512Z,EMILIANO ZAPATA,Matuti,Hostotipaquillo                         ,Michel,23
14DTV0513Y,SANTO DOMINGO DE GUZMAN,Matuti,Hostotipaquillo                         ,Santo Domingo de Guzm n (Santo Domi,23
14DTV0514X,IGNACIO ZARAGOZA,Matuti,Hostotipaquillo                         ,La Monta¤a,23
14DTV0515W,JOSEFA ORTIZ DE DOMINGUEZ,Matuti,Tapalpa                                 ,Ferrer¡a de Tula,41
14DTV0516V,GORDIANO GUZMAN,Matuti,Tamazula ,La Alberca,28
14DTV0517U,MANUEL LOPEZ COTILLA,Matuti,Pihuamo                                 ,El Agostadero,42
14DTV0519S,EMILIANO ZAPATA,Matuti,Tapalpa                                 ,Yerbabuena,41
14DTV0520H,JOSEFA ORTIZ DE DOMINGUEZ,Matuti,Zapotiltic                              ,San Rafael,7
14DTV0521G,SOR JUANA INES DE LA CRUZ,Matuti,Mazamitla                               ,La Huevera,9
14DTV0522F,CONGRESO DE CHILPANCINGO,TC 8hr,Lagos de Moreno                         ,Matamoros los Hoyos,44
14DTV0523E,XAPAWIYEME,Matuti,Bola¤os                                 ,Los Corrales (Mesa del Tirador),10
14DTV0524D,AGUSTIN CARRILLO SANDOVAL,Matuti,Mezquitic                               ,Nueva Colonia,43
14DTV0525C,TATUTSI KWIXU XURE,Matuti,Mezquitic                               ,San Luisito,43
14DTV0526B,JOSE MA MORELOS Y PAVON,Matuti,La barca                                ,El Lope¤o (Guajazo),14
14DTV0527A,LAZARO CARDENAS DEL RIO,Matuti,Jalostotitlan                           ,Labor de Abalsa,36
14DTV0528Z,NI¥OS HEROES DE 1847,Matuti,Encarnacion de Diaz                     ,San Jos‚,12
14DTV0529Z,DIEGO RIVERA,Matuti,Talpa de Allende                        ,Los Cerritos,22
14DTV0531N,LAZARO CARDENAS DEL RIO,Matuti,Autlan de Navarro                       ,Agua Hedionda,4
14DTV0532M,JUAN ESCUTIA,Matuti,La huerta                               ,Las Pilas,5
14DTV0533L,JOSEFA ORTIZ DE DOMINGUEZ,Matuti,Atengo                                  ,Agostadero,27
14DTV0534K,5 DE MAYO,Matuti,Tequila                                 ,San Pedro Analco,49
14DTV0535J,CUAUHTEMOC,Matuti,Ahualulco de Mercado                    ,Chapulimita (Chapuli),3
14DTV0536I,MARCELINO GARCIA BARRAGAN,Matuti,San Gabriel                             ,San Jos‚ del Rinc¢n (San Jos‚ de la,29
14DTV0537H,FRANCISCO MARQUEZ,Matuti,Tonaya                                  ,El Cerrito,24
14DTV0538G,JUAN RULFO,Matuti,San Gabriel                             ,La Croix,53
14DTV0539F,NI¥OS HEROES,Matuti,Tamazula ,El Taray,28
14DTV0540V,CARLOS DARWIN,Matuti,Atotonilco el Alto                      ,Cucarachas,16
14DTV0541U,JUAN FRANCISCO MURILLO RAMIREZ,Matuti,Mezquitic                               ,El Mortero,30
14DTV0542T,TUKIPA,Matuti,Mezquitic                               ,Los Lobos de Huastita (Los Lobos),43
14DTV0543S,NI¥OS HEROES,Matuti,Mezquitic                               ,San Juan de Navarrete,30
14DTV0544R,BENITO JUAREZ,Matuti,Colotlan                                ,El Carrizal,30
14DTV0545Q,LAZARO CARDENAS DEL RIO,TC 8hr,Jilotlan,Huichitila,42
14DTV0546P,MACEDONIO AYALA,TC 8hr,Lagos de Moreno                         ,San Jorge (Macedonio Ayala),11
14DTV0547O,LUCIO BLANCO,Matuti,Jesus Maria                             ,Puerta de la Carreta,55
14DTV0548N,VALENTIN GOMEZ FARIAS,Matuti,Arandas                                 ,La Cieneguita,37
14DTV0549M,ABRAHAM GONZALEZ,Matuti,Ca¤adas de Obregon                      ,La Cueva (Santa Rosal¡a de la Cueva,36
14DTV0550B,FELIPE ANGELES,Matuti,Tepatitlan de Morelos                   ,Los Charcos,47
14DTV0551A,FELIPE CARRILLO PUERTO,Matuti,Valle de Guadalupe                      ,Valle de Guadalupe,18
14DTV0552Z,AMADO NERVO,Matuti,Guachinango                             ,Amajaquillo,45
14DTV0553Z,JOSE ROSAS MORENO,TC 8hr,Lagos de Moreno                         ,La Merced (La Chona),44
14DTV0554Y,VALENTIN GOMEZ FARIAS,Matuti,Encarnacion de Diaz                     ,Ejido Ci‚nega de Mora (El Ranchito),46
14DTV0555X,JUAN JOSE ARREOLA,Matuti,Ayotlan                                 ,La Nopalera,52
14DTV0556W,BENITO JUAREZ,Matuti,Degollado                               ,Charapuato,33
14DTV0557V,JUAN FRANCISCO MURILLO RAMIREZ,Matuti,Colotlan                                ,Los V‚liz,10
14DTV0558U,PRISCILIANO SANCHEZ PADILLA,Vesper,Tonala                                  ,Tonal ,54
14DTV0559T,JOSEFA ORTIZ DE DOMINGUEZ,Matuti,Tomatlan                                ,Nuevo Santiago,35
14DTV0560I,OCTAVIO PAZ,Matuti,Sn Sebastian,El Carrizo,45
14DTV0561H,JOSE VASCONCELOS,TC 8hr,Puerto Vallarta                         ,Playa Grande (San Pedro),48
14DTV0562G,DIEGO RIVERA,TC 8hr,Puerto Vallarta                         ,El Ranchito (El Colesio),48
14DTV0563F,BENITO JUAREZ,Matuti,Tepatitlan de Morelos                   ,Tepatitl n de Morelos,47
14DTV0565D,LAZARO CARDENAS DEL RIO,Matuti,Tuxcacuesco                             ,El Camich¡n,24
14DTV0566C,JOSE VASCONCELOS,Matuti,Cocula                                  ,Agua Caliente,21
14DTV0567B,MIGUEL HIDALGO Y COSTILLA,Matuti,Santa Maria del oro                     ,Petacala,9
14DTV0568A,DAVID ALFARO SIQUEIROS,Matuti,Cihuatlan                               ,Emiliano Zapata (El Ranchito),5
14DTV0569Z,JOSE CLEMENTE OROZCO,Matuti,Tapalpa                                 ,Buenavista,41
14DTV0570P,FRANCISCO I MADERO,Matuti,Tepatitlan de Morelos                   ,La Cebadilla,18
14DTV0572N,JUSTO SIERRA,Matuti,Yahualica ,Los Llanitos,47
14DTV0573M,JOSE CLEMENTE OROZCO,TC 8hr,Cuautitlan      ,La Pareja,26
14DTV0574L,LUIS DONALDO COLOSIO MURRIETA,Matuti,Ayutla                                  ,El Rosario,56
14DTV0575K,MARIANO MATAMOROS,Matuti,Sn Sebastian,San Isidro (La Haciendita),2
14DTV0576J,BENITO JUAREZ,Matuti,Mazamitla                               ,El Fresnal,9
14DTV0578H,FRANCISCO I MADERO,Matuti,Cuquio                                  ,Teponahuasco,50
14DTV0579G,JOSEFA ORTIZ DE DOMINGUEZ,Matuti,Tlajomulco de Zu¤iga                    ,San Sebasti n el Grande,39
14DTV0580W,CRISTOBAL COLON,Matuti,Teocaltiche                             ,San Isidro,13
14DTV0581V,JOSE ROSAS MORENO,Matuti,Encarnacion de Diaz                     ,Las Geras,46
14DTV0582U,JOSE ROLON,Matuti,San Juan de los Lagos                   ,Mata Gorda,12
14DTV0583T,GABRIELA MISTRAL,Matuti,Encarnacion de Diaz                     ,La Trinidad,46
14DTV0584S,JUSTO SIERRA,Matuti,U. de San Antonio                    ,Carre¢n (Carri¢n),32
14DTV0585R,16 DE SEPTIEMBRE,TC 8hr,Lagos de Moreno                         ,Buenavista (San Miguel),11
14DTV0586Q,SOR JUANA INES DE LA CRUZ,TC 8hr,Jilotlan,El Rodeo,42
14DTV0587P,GUADALUPE VICTORIA,Matuti,Pihuamo                                 ,El Naranjo,42
14DTV0588O,LAZARO CARDENAS DEL RIO,Matuti,Quitupan                                ,El Cuervo,9
14DTV0589N,MIGUEL HIDALGO Y COSTILLA,Matuti,Tamazula ,Agua Zarca,28
14DTV0590C,BENITO JUAREZ,Matuti,Tamazula ,El Pitahayo,28
14DTV0591B,VENUSTIANO CARRANZA,Matuti,Tequila                                 ,Palmitos,49
14DTV0592A,DOROTEO ARANGO,Matuti,Tala                                    ,Cuxpala,3
14DTV0593Z,BENITO JUAREZ,Matuti,Cocula                                  ,Camajapa,21
14DTV0594Z,JUAN ESCUTIA,Matuti,Mazamitla                               ,La Cofrad¡a,9
14DTV0595Y,FRANCISCO VILLA,Matuti,Ameca                                   ,Los Pocitos,1
14DTV0596X,OCTAVIO PAZ,TC 8hr,Cuautitlan      ,Ocote Arco (Rinc¢n de Ayotitl n),26
14DTV0597W,DOROTEO ARANGO,Matuti,Teocaltiche                             ,El Soyatal,13
14DTV0598V,LUIS DONALDO COLOSIO,Matuti,Sayula                                  ,El Reparo,53
14DTV0599U,RAMON CORONA,Matuti,Teocuitatlan ,San Juan C¡tala,8
14DTV0600T,BRAULIO GOMEZ CORTES,Matuti,Zacoalco de Torres                      ,Sayulapan,8
14DTV0601S,NARCISO MENDOZA,Matuti,Tomatlan                                ,Pochotit n,17
14DTV0602R,ALFONSO REYES,Matuti,Cuquio                                  ,Ojo de Agua Colorada,50
14DTV0603Q,FRANCISCO VILLA,Matuti,San Miguel el Alto                      ,Monte Alto,36
14DTV0604P,JAIME TORRES BODET,Matuti,San I. Cerro Gordo                 ,Tuna de Abajo (San Pascual),37
14DTV0605O,RAFAEL RAMIREZ,Matuti,San I. Cerro Gordo                 ,Presa de Barajas (El Crucero de Ara,37
14DTV0607M,PLAN HUICOT,Matuti,Mezquitic                               ,[],43
14DTV0608L,MIGUEL HIDALGO Y COSTILLA,Matuti,Zapotlan del rey                        ,La Constancia,15
14DTV0609K,MARIANO AZUELA,Matuti,Lagos de Moreno                         ,Jaritas,11
14DTV0610Z,JOSEFA ORTIZ DE DOMINGUEZ,TC 8hr,Cuautitlan      ,Las Lagunillas de Ayotitl n,26
14DTV0611Z,REVOLUCION MEXICANA,Matuti,La huerta                               ,Ejido el Rinc¢n,5
14DTV0612Y,VICENTE GUERRERO,Matuti,La huerta                               ,Arroyo Seco,5
14DTV0613X,OCTAVIO PAZ,Matuti,Villa purificacion                      ,Carre¢n,25
14DTV0615V,SOR JUANA INES DE LA CRUZ,Matuti,San Martin Hidalgo                      ,Trapiche de Abra,21
14DTV0617T,JOSEFA ORTIZ DE DOMINGUEZ,Matuti,Tamazula ,Nigromante (San Juan de la Monta¤a),28
14DTV0618S,LAZARO CARDENAS DEL RIO,Matuti,Quitupan                                ,Plan de Cervantes,9
14DTV0619R,BENITO JUAREZ,Matuti,Tamazula ,Soyatl n de la Presa (La Presa),28
14DTV0620G,RAFAEL RAMIREZ,TC 8hr,Jilotlan,El Terrero,42
14DTV0621F,MARIA MONTESSORI,TC 8hr,Zapotlanejo                             ,El Salitre (La Mora),20
14DTV0622E,ALBERTO MACIAS GUTIERREZ,TC 8hr,Zapotlanejo                             ,San Joaqu¡n Zorrillos,20
14DTV0623D,ADOLFO LOPEZ MATEOS,Matuti,Toliman                                 ,El Paso Real,29
14DTV0624C,NI¥OS HEROES,Matuti,Toliman                                 ,La Parota (Loma de San Antonio),29
14DTV0625B,NI¥OS HEROES,Matuti,Teocuitatlan ,Tehuantepec,8
14DTV0626A,VICENTE GUERRERO,Matuti,Jesus Maria                             ,Rosales,55
14DTV0627Z,OCTAVIO PAZ,TC 8hr,Jilotlan,Tazumbos,42
14DTV0628Z,OCTAVIO PAZ,Matuti,Huejuquilla el alto                     ,Tenzompa,43
14DTV0629Y,SOR JUANA INES DE LA CRUZ,TC 8hr,Zapopan                                 ,Palo Gordo,19
14DTV0630N,VICENTE GUERRERO,Matuti,San Gabriel                             ,Los Garc¡a,53
14DTV0631M,JOSE MARIA MORELOS,Matuti,Ayutla                                  ,El Zapotillo,56
14DTV0632L,FRANCISCO VILLA,Matuti,Talpa de Allende                        ,Toledo,22
14DTV0633K,RAMON GUZMAN,Matuti,Mascota                                 ,San Rafael,2
14DTV0634J,VICENTE GUERRERO,Matuti,Talpa de Allende                        ,El Ba¤o,22
14DTV0635I,AUSTREBERTO GUTIERREZ ALVARADO,TC 8hr,Ojuelos         ,Hierba de Matancillas,31
14DTV0636H,MIGUEL HIDALGO Y COSTILLA,Matuti,Villa Hidalgo                           ,San Juanico de Abajo,13
14DTV0637G,JUAN JOSE DE LOS REYES MARTINEZ,TC 8hr,Lagos de Moreno                         ,Las Palomas,11
14DTV0638F,JUAN JOSE ARREOLA,TC 8hr,Cuautitlan      ,Cerro Prieto,26
14DTV0639E,VIDAL MORA CASTILLO,Matuti,Tomatlan                                ,Presa Caj¢n de Pe¤a (La Presa),35
14DTV0640U,TEUPA,Matuti,Mezquitic                               ,El Caj¢n,43
14DTV0641T,AGUSTIN YA¥EZ,Matuti,Ixtlahuacan de los M.         ,El Rodeo,54
14DTV0642S,RAFAEL PRECIADO HERNANDEZ,Vesper,El grullo                               ,El Grullo,24
14DTV0643R,GUILLERMO JIMENEZ,Vesper,Zapotlan el Grande                      ,Ciudad Guzm n,7
14DTV0644Q,JUAN RULFO,TC 8hr,Cuautitlan      ,Rancho Viejo,26
14DTV0645P,VICENTE GUERRERO,TC 8hr,Zapotlan del rey                        ,El Sauz,34
14DTV0646O,BENITO JUAREZ GARCIA,TC 8hr,Ojuelos         ,Jos‚ Mar¡a Morelos (El Novillo),31
14DTV0647N,JOSE ANGEL CONCHELLO DAVILA,Matuti,Tepatitlan de Morelos                   ,Ojo de Agua de Aceves (Santa Cruz),18
14DTV0648M,JAIME NUNO ROCA,Matuti,Ayotlan                                 ,La Palma (La Angostura),52
14DTV0649L,GUILLERMO GONZALEZ CAMARENA,Matuti,U. de San Antonio                    ,La Trinidad,32
14DTV0650A,ANDRES QUINTANA ROO,Matuti,Mezquitic                               ,El Chalate (Los Chalates),43
14DTV0651Z,26 DE MARZO DE 1913,Matuti,Quitupan                                ,Soromuta,9
14DTV0652Z,JUAN RULFO,Matuti,Zapotlan del rey                        ,Otatl n,34
14DTV0653Y,HIGINIO RUVALCABA ROMERO,Matuti,Yahualica ,R¡o Colorado de Arriba (Palo Gacho),47
14DTV0654X,ANTONIO FERRER,Matuti,Teocaltiche                             ,Jos‚ de Jes£s Aguirre,13
14DTV0655W,JUAN CAYETANO PORTUGAL,Matuti,Cuquio                                  ,El Terrero,50
14DTV0656V,MARIA DEL REFUGIO SANCHEZ REYES,Matuti,Mezquitic                               ,Pe¤a Colorada,43
14DTV0657U,JUAN SALVADOR AGRAZ,Matuti,Tecolotlan                              ,Quililla,6
14DTV0658T,JOSE PABLO CALVILLO,Matuti,Concepcion       ,Los Sauces,9
14DTV0660H,JOAQUIN GUTIERREZ HERAS,Matuti,El arenal                               ,Emiliano Zapata,49
14DTV0661G,MARIO PEREZ ZERME¥O,Matuti,Tepatitlan de Morelos                   ,Buenavista,18
14DTV0662F,MARTHA ALICIA VERDIN CEDE¥O,Matuti,San Juan de los Lagos                   ,Agua de Obispo,12
14DTV0663E,JESUS GUERRERO GALVAN,Matuti,Ameca                                   ,Labor de Sol¡s,1
14DTV0664D,ADOLFO SANCHEZ VAZQUEZ,Matuti,Atotonilco el Alto                      ,El Sopial,16
14DTV0665C,JOSE ADEM CHAHIN,Matuti,Teocaltiche                             ,Rancho Nuevo,13
14DTV0666B,MANUEL SANDOVAL VALLARTA,Vesper,Tlajomulco de Zu¤iga                    ,San Sebasti n el Grande,39
14DTV0667A,ALBERTO BARAJAS CELIS,Vesper,Tlajomulco de Zu¤iga                    ,La Uni¢n del Cuatro (San Jos‚ del V,39
14DTV0668Z,AARON SAENZ GARZA,Matuti,Tamazula ,Tamazula de Gordiano,28
14DTV0669Z,GUADALUPE AMOR,Vesper,Tlajomulco de Zu¤iga                    ,San Miguel Cuyutl n,39
14DTV0670O,CENTENARIO DE LA CONSTITUCION DE 1917,Matuti,San Juan de los Lagos                   ,La Loma,12
14DTV0671N,SALVADOR ELIZONDO ALCALDE,Matuti,Jalostotitlan                           ,Santa Ana de Guadalupe,36
14DTV0672M,MARIA DEL CARMEN MILLAN,Matuti,Cabo Corrientes                         ,Naranjitos (Arroyo Seco),17
14DTV0973I,MARIANO OTERO,Matuti,Tomatlan                                ,El Corrido,35
14DTV0974H,RICARDO FLORES MAGON,Matuti,Tomatlan                                ,Cabrel,17
